"transition_id","flow_id","journey_id","stage_id","screen_id","route","actor","state","trigger","visible_structure","primary_action","secondary_action","system_response","preserved_input","error_or_status","recovery","analytics_event","accessibility_requirement","source_of_truth","qa_status","data_captured","privacy_boundary","owner","next_screen_id"
"TR-AUTH-001","FLOW-AUTH","JRN-01","STG-AUTH-01","AUTH-01","/login","anonymous","ready","open login","AuthShell; email; password; Google; recovery links","Sign in","Continue with Google","await explicit credential/provider action","safe intended route","ready","register or recover","login_viewed","labels; autocomplete; visible focus","V0_1_ROUTE_SCREEN_CONTRACTS; AUTH-01 Drive family","spec_ready","none","public; no account existence disclosure","identity","AUTH-01"
"TR-AUTH-002","FLOW-AUTH","JRN-01","STG-AUTH-01","AUTH-01","/login","anonymous","processing","submit credentials","disabled duplicate submit; named status","Wait","Cancel only if safe","verify credentials and issue host-only session on success","email; intended route; never password after navigation","signing_in","bounded retry","login_attempted","status announced without focus theft","V0_1_ROUTE_SCREEN_CONTRACTS","spec_ready","email credential request","secret transport; never analytics/logs","identity","ONB-01"
"TR-AUTH-003","FLOW-AUTH","JRN-02","STG-REC-01","AUTH-01","/login","anonymous","validation_error","credentials rejected","inline neutral error; form retained","Try again","Forgot password","return one existence-neutral rejection","email only","invalid_credentials","re-enter or recover","login_failed_category","error associated with form","Security; V0_1_ROUTE_SCREEN_CONTRACTS","spec_ready","none","no account enumeration","identity","AUTH-01"
"TR-AUTH-004","FLOW-AUTH","JRN-02","STG-REC-01","AUTH-01","/login","unverified person","locked","eligible account requires verification","verification-required panel","Resend verification","Change email","enqueue only when eligible; neutral response","email","verification_required","AUTH-03 pending state","verification_required","focus panel; non-color status","V0_1_TRANSACTIONAL_EMAIL_CONTRACT","spec_ready","verification resend intent","existence neutral","identity/email worker","AUTH-03"
"TR-AUTH-005","FLOW-AUTH","JRN-02","STG-REC-03","AUTH-01","/login","anonymous","retryable_error","Google provider unavailable","provider error panel","Try Google again","Use email","rollback transaction; retain safe entry state","email if entered","provider_unavailable","bounded retry or password","provider_failure_category","error announced; alternate action reachable","V0_1_ROUTE_SCREEN_CONTRACTS","spec_ready","none","no provider payload","identity provider","AUTH-01"
"TR-AUTH-006","FLOW-AUTH","JRN-01","STG-AUTH-02","AUTH-02","/register","anonymous","ready","open registration","AuthShell; email; new password; consent; Google registration","Create account","Sign in","wait for exact consent and submit","email; consent unchecked","ready","correct fields","registration_started","labels; new-password autocomplete; legal links","V0_1_ROUTE_SCREEN_CONTRACTS; AUTH-01 Drive","spec_ready","none","public","identity","AUTH-02"
"TR-AUTH-007","FLOW-AUTH","JRN-01","STG-AUTH-02","AUTH-02","/register","anonymous","validation_error","missing or invalid field/consent","field errors plus summary","Correct highlighted fields","Sign in","no account/challenge mutation","all valid fields except password after unsafe navigation","consent_or_field_invalid","correct and resubmit","registration_validation_failed","programmatic association; focus first error","V0_1_ROUTE_SCREEN_CONTRACTS","spec_ready","none","no secrets in telemetry","identity","AUTH-02"
"TR-AUTH-008","FLOW-AUTH","JRN-01","STG-AUTH-02","AUTH-02","/register","anonymous","processing","submit valid registration","named creating-account status","Wait","none","create person credential consent challenge and outbox atomically when eligible","email; consent version","creating_account","retry only after bounded result","registration_submitted","announce processing; prevent duplicate activation","V0_1_ROUTE_SCREEN_CONTRACTS","spec_ready","email; password verifier; exact consent","password and challenge protected","identity/email worker","AUTH-03"
"TR-AUTH-009","FLOW-AUTH","JRN-01","STG-AUTH-03","AUTH-03","/verify-email","unverified person","success","registration acknowledged","verification pending message; resend action","Open email app","Resend","return same acknowledgement for new or existing address","email masked or omitted","verification_pending","resend after bounded interval","registration_created","status heading and next step","V0_1_TRANSACTIONAL_EMAIL_CONTRACT","spec_ready","verification intent","existence neutral","identity/email worker","AUTH-03"
"TR-AUTH-010","FLOW-AUTH","JRN-01","STG-AUTH-03","AUTH-03","/verify-email","unverified person","processing","verification fragment consumed","verifying status","Wait","Request another link","validate and consume token; invalidate siblings","none","verifying","resend on rejected result","verification_attempted","live status; token never rendered","V0_1_ROUTE_SCREEN_CONTRACTS","spec_ready","challenge token in request body","token excluded from URL/log/analytics","identity","AUTH-03"
"TR-AUTH-011","FLOW-AUTH","JRN-01","STG-AUTH-03","AUTH-03","/verify-email","verified learner","success","verification accepted","account-ready confirmation","Continue","Sign out","mark verified and issue host-only session","safe intended route","verified","continue to onboarding","registration_verified","focus confirmation heading","V0_1_ROUTE_SCREEN_CONTRACTS","spec_ready","verification fact","self-scoped identity","identity","ONB-01"
"TR-AUTH-012","FLOW-AUTH","JRN-02","STG-REC-01","AUTH-03","/verify-email","unverified/anonymous","terminal_error","link missing expired or consumed","link-invalid explanation","Request another link","Return to login","do not reveal account existence","none","link_invalid","existence-neutral resend","verification_link_rejected","clear instructions; no token text","V0_1_ROUTE_SCREEN_CONTRACTS","spec_ready","none","no challenge disclosure","identity/email worker","AUTH-03"
"TR-AUTH-013","FLOW-AUTH","JRN-02","STG-REC-02","AUTH-04","/forgot-password","anonymous","ready","open recovery","email field; neutral explanation","Send reset link","Back to sign in","wait for request","email","ready","submit or return","password_recovery_started","email label and autocomplete","V0_1_ROUTE_SCREEN_CONTRACTS","spec_ready","none","public","identity","AUTH-04"
"TR-AUTH-014","FLOW-AUTH","JRN-02","STG-REC-02","AUTH-04","/forgot-password","anonymous","success","submit recovery","same acknowledgement for every address","Return to sign in","Send again after interval","enqueue only for eligible identity","none","request_accepted","check inbox or retry later","password_recovery_requested","status announced","V0_1_TRANSACTIONAL_EMAIL_CONTRACT","spec_ready","recovery intent","existence neutral","identity/email worker","AUTH-05"
"TR-AUTH-015","FLOW-AUTH","JRN-02","STG-REC-02","AUTH-05","/reset-password","anonymous","ready","valid reset fragment present","new password; confirm password","Reset password","Request another link","wait for matching valid input","none","ready","correct fields","password_reset_viewed","new-password autocomplete; paste allowed","V0_1_ROUTE_SCREEN_CONTRACTS","spec_ready","none","challenge stays out of query/log","identity","AUTH-05"
"TR-AUTH-016","FLOW-AUTH","JRN-02","STG-REC-02","AUTH-05","/reset-password","anonymous","success","reset accepted","reset confirmation; session revocation notice","Sign in","none","replace verifier; consume token; revoke sessions","none","password_reset","fresh login required","password_reset_completed","confirmation heading receives focus","V0_1_ROUTE_SCREEN_CONTRACTS","spec_ready","new password verifier","secret transport only","identity","AUTH-01"
"TR-AUTH-017","FLOW-AUTH","JRN-02","STG-REC-02","AUTH-05","/reset-password","anonymous","terminal_error","reset link missing expired or consumed","invalid-link panel","Request another link","Back to sign in","no password mutation","none","link_invalid","restart recovery","password_reset_link_rejected","clear support/restart path","V0_1_ROUTE_SCREEN_CONTRACTS","spec_ready","none","no token/provider detail","identity","AUTH-04"
"TR-AUTH-018","FLOW-AUTH","JRN-02","STG-REC-03","AUTH-06","/auth/callback","person","locked","missing or non-current consent recovery result","Review and continue panel","Review consent","Use email sign in","no provider exchange or duplicate identity","safe return path","consent_required","restart approved registration transaction","google_recovery_result","no provider payload; keyboard action","V0_1_ROUTE_SCREEN_CONTRACTS","spec_ready","none","allowlisted result only","identity provider","AUTH-02"
"TR-AUTH-019","FLOW-AUTH","JRN-02","STG-REC-03","AUTH-06","/auth/callback","person","retryable_error","provider rejection or outage recovery result","safe provider result panel","Try again","Use email sign in","rollback and clear OAuth transaction","none","provider_unavailable_or_rejected","restart start route","provider_failure_category","status and alternatives announced","V0_1_ROUTE_SCREEN_CONTRACTS","spec_ready","none","no OAuth code/provider payload","identity provider","AUTH-01"
"TR-AUTH-020","FLOW-AUTH","JRN-02","STG-REC-04","AUTH-07","/session-expired","learner/admin","unauthorized_or_expired","protected request returns canonical 401","expired-session panel; durable-work statement","Sign in again","Go to public course","revoke/ignore expired session; keep allowlisted return","server-saved work; browser-only input explicitly uncertain","session_expired","reauthenticate then resolve conflict if needed","session_expired","focus heading; no timed redirect","V0_1_ROUTE_SCREEN_CONTRACTS","spec_ready","safe intended route","no cookie/token rendered","identity","AUTH-01"
"TR-ONB-001","FLOW-ONB","JRN-01","STG-ONB-01","ONB-01","/onboarding","verified learner","loading","open onboarding","three-step structure skeleton","Wait","Sign out","load self profile and revision","none","loading_profile","retry or session recovery","onboarding_viewed","polite status; skeleton mirrors form","V0_1_ROUTE_SCREEN_CONTRACTS; current implementation contract","spec_ready","none","self-scoped","person profile","ONB-01"
"TR-ONB-002","FLOW-ONB","JRN-01","STG-ONB-01","ONB-01","/onboarding","verified learner","ready","profile step 1 loaded","context choice cards; step 1 of 3","Save and continue","Skip for now","validate choice then revisioned save","selected context","in_progress","correct selection or skip","onboarding_step_viewed","fieldset/legend; aria-pressed; focus","Current onboarding API/UI contract","spec_ready","experience_context","self profile; no role inference","person profile","ONB-01"
"TR-ONB-003","FLOW-ONB","JRN-01","STG-ONB-01","ONB-01","/onboarding","verified learner","ready","advance to step 2","learning-goal field; step 2 of 3","Save and continue","Back","validate max 240 and revisioned save","context; goal draft","in_progress","correct or return","onboarding_step_viewed","label; character/error association","Current onboarding API/UI contract","spec_ready","learning_goal","self profile; text excluded from analytics","person profile","ONB-01"
"TR-ONB-004","FLOW-ONB","JRN-01","STG-ONB-01","ONB-01","/onboarding","verified learner","ready","advance to step 3","situation; weekly minutes; step 3 of 3","Finish profile","Back","validate optional fields and save completed","all draft fields","in_progress","correct or return","onboarding_step_viewed","textarea label; numeric input mode","Current onboarding API/UI contract","spec_ready","practice_situation; weekly_minutes","self profile; text excluded from analytics","person profile","ONB-01"
"TR-ONB-005","FLOW-ONB","JRN-01","STG-ONB-01","ONB-01","/onboarding","verified learner","processing","save step skip or complete","saving status; controls disabled against duplicate","Wait","none","write only when If-Match revision is current","all local fields","saving","conflict/retry/session recovery","onboarding_save_started","live status; no focus theft","V0_1_ROUTE_SCREEN_CONTRACTS","spec_ready","bounded profile snapshot","self-scoped","person profile","ONB-01"
"TR-ONB-006","FLOW-ONB","JRN-01","STG-ONB-01","ONB-01","/onboarding","verified learner","retryable_error","network or save failure","error plus preserved-input statement","Retry save","Back","no success claim; retain local draft","all local fields","save_failed","retry when online","onboarding_save_failed","alert associated with actions","AC-IMP-04; AC-UXA-01","spec_ready","none","local draft not analytics","person profile","ONB-01"
"TR-ONB-007","FLOW-ONB","JRN-01","STG-ONB-01","ONB-01","/onboarding","verified learner","conflict","revision precondition fails","changed-in-another-tab explanation","Reload latest","Review local values","do not overwrite newer canonical profile","local draft until learner choice","revision_conflict","reload and re-enter/merge manually","onboarding_conflict","focus conflict panel","V0_1_ROUTE_SCREEN_CONTRACTS","spec_ready","none","self-scoped","person profile","ONB-01"
"TR-ONB-008","FLOW-ONB","JRN-05","STG-ONB-01","ONB-01","/onboarding","verified learner","offline_or_stale","network unavailable","offline status; form input retained","Reconnect and retry","Back","block canonical save","current browser draft only","offline_unsaved","reconnect; no queue claim","offline_state_entered","status non-color; no auto-submit","AC-IMP-04; AC-UXA-01","spec_ready","none","browser-local draft only","person profile","ONB-01"
"TR-ONB-009","FLOW-ONB","JRN-01","STG-ONB-01","ONB-01","/onboarding","verified learner","success","completed or skipped save returns","profile saved/skipped confirmation","Open published programs","Edit profile","return canonical next action without recommendation","canonical profile","completed_or_skipped","continue or edit","onboarding_completed_or_skipped","confirmation announced","V0_1_ROUTE_SCREEN_CONTRACTS","spec_ready","status and revision","self profile","person profile","COURSE-01"
"TR-HOME-001","FLOW-LEARN","JRN-03","STG-LEARN-01","HOME-01","/home","learner","loading","open protected home","shell and learning-card skeleton","Wait","Sign out","resolve me tenant enrollment and progress","none","loading_context","retry or session recovery","home_viewed","landmark and status announcement","V0_1_ROUTE_SCREEN_CONTRACTS; SHELL refs","spec_ready","none","protected self/tenant","learner projection","HOME-01"
"TR-HOME-002","FLOW-LEARN","JRN-03","STG-LEARN-01","HOME-01","/home","learner","empty","canonical response has no active enrollment","first-use course entry; no fabricated absence","View published course","Open settings","show exact no-enrollment state","none","no_active_enrollment","explicit course/enrollment path","home_empty","empty heading and action","V0_1_ROUTE_SCREEN_CONTRACTS","spec_ready","none","self-scoped","learner projection","COURSE-01"
"TR-HOME-003","FLOW-LEARN","JRN-03","STG-LEARN-01","HOME-01","/home","enrolled learner","ready","canonical projections resolve","continue card; 0..5 Module 1 progress; next action","Continue learning","View progress","deep-link to pinned course/activity","none","ready","navigate or refresh","home_ready","headings; progress has text equivalent","SHELL-01; HOME-01; route contract","spec_ready","none","protected self/tenant","learner projection","COURSE-02"
"TR-HOME-004","FLOW-LEARN","JRN-03","STG-LEARN-01","HOME-01","/home","learner","retryable_error","context or enrollment projection fails","named unavailable panel; no zero values","Retry","Open public course","retain shell and safe links","none","projection_unavailable","bounded retry","home_load_failed","alert and focusable retry","AC-UXA-01; route contract","spec_ready","none","no internal error detail","learner projection","HOME-01"
"TR-HOME-005","FLOW-LEARN","JRN-05","STG-LEARN-01","HOME-01","/home","learner","offline_or_stale","offline with safe cached projection","stale banner; last-updated label","Reconnect","Open offline help","render only approved cached read-only data","none","offline_stale","reconnect; no mutation","offline_state_entered","stale text not color only","Mobile/PWA; AC-UXA-01","spec_ready","none","protected cache policy required","PWA shell","SYS-03"
"TR-COURSE-001","FLOW-LEARN","JRN-01","STG-ENR-01","COURSE-01","/programs/{slug}","public/learner","ready","published program resolves","title; version; four-module topology; Module 1 activity topology","Start free course","Sign in","await the explicit start action; do not infer enrollment from page view login consent or analytics","safe return path","published","sign in or explicitly start","program_opened","semantic outline and button","ADR 0028; ENVIRONMENT_CONTRACT; current learner-web routes","runtime_pending","none","public projection","catalog","COURSE-01"
"TR-COURSE-002","FLOW-LEARN","JRN-01","STG-ENR-01","COURSE-01","/programs/{slug}","active verified learner with active public-tenant learner membership","processing","explicit Start free course action","enrolling status; duplicate activation blocked","Wait","none","in one caller-owned transaction validate exact published global slug exact recorded current consent and distinct active learner membership; create or reuse AC-FREE-SELF-ATTESTATION-v1; enroll idempotently","none","enrolling","return canonical result or safe denial","free_enrollment_requested","status announced","ADR 0028; ENVIRONMENT_CONTRACT; self_attestation.py; current learner-web start action","runtime_pending","program version intent; policy evidence references","protected self/tenant; no email password provider token or analytics authority in evidence","enrollment/eligibility","COURSE-02"
"TR-COURSE-003","FLOW-LEARN","JRN-01","STG-ENR-01","COURSE-01","/programs/{slug}","learner","locked","self-attestation precondition denied","safe denial and approved recovery/retry path","Review account requirements","Return home","fail closed for missing or stale consent wrong course wrong tenant non-learner inactive unverified negative expired or conflicting fact; never overwrite history","none","self_attested_eligibility_denied","approved identity consent or membership recovery then retry explicit start","free_enrollment_blocked","locked reason announced without protected detail","ADR 0028; ENVIRONMENT_CONTRACT; self_attestation.py","runtime_pending","none","no sensitive policy or cross-tenant detail","enrollment/tenancy","COURSE-01"
"TR-COURSE-004","FLOW-LEARN","JRN-03","STG-LEARN-01","COURSE-02","/learn/{programSlug}","enrolled learner","ready","authorized pinned projection resolves","program progress; modules; current activity","Continue current activity","Back home","show authoritative status and next route","none","ready","navigate or retry","program_opened","progress text equivalent; headings","V0_1_ROUTE_SCREEN_CONTRACTS; COURSE refs","spec_ready","none","protected self/tenant","learning projection","MOD-01"
"TR-COURSE-005","FLOW-LEARN","JRN-03","STG-LEARN-01","COURSE-02","/learn/{programSlug}","learner","locked","no active enrollment or wrong version","safe access explanation without content payload","View published course","Back home","deny protected projection","none","access_locked","approved enrollment/support path","program_access_denied","lock reason and actions","G1_ROUTE_AUTHORIZATION","spec_ready","none","no resource existence across tenant","authorization","COURSE-01"
"TR-MOD-001","FLOW-LEARN","JRN-03","STG-LEARN-01","MOD-01","/learn/{programSlug}/module/{moduleId}","enrolled learner","ready","module eligible","ordered ACT-01..05 list; current/complete states","Open next activity","Back to course","show canonical prerequisite projection","none","ready","open activity","module_opened","ordered list semantics; status text","AC-IMP-04; V0_1_ROUTE_SCREEN_CONTRACTS","spec_ready","none","protected self/tenant","learning projection","ACT-01"
"TR-MOD-002","FLOW-LEARN","JRN-03","STG-LEARN-01","MOD-01","/learn/{programSlug}/module/{moduleId}","enrolled learner","locked","module prerequisite unmet","module title and safe lock reason","Go to prerequisite","Back to course","deny activity payload; identify permitted prerequisite","none","module_locked","complete exact prerequisite","module_locked_viewed","lock icon plus text; focus action","AC-IMP-04; G1_ROUTE_AUTHORIZATION","spec_ready","none","no protected payload","learning projection","COURSE-02"
"TR-ACT-001","FLOW-LEARN","JRN-03","STG-LEARN-02","ACT-01","/activity/{activityId}","enrolled learner","ready","video activity authorized","player shell; captions/transcript status; coverage","Play","Back to module","start/resume media without completion claim","canonical watched evidence","not_started_or_in_progress","retry player or return","activity_started","keyboard player controls; captions status","AC-IMP-04; PLAYER-01","gap_blocked","watch-session evidence","protected self/tenant","media/progress","ACT-01"
"TR-ACT-002","FLOW-LEARN","JRN-03","STG-LEARN-02","ACT-01","/activity/{activityId}","enrolled learner","processing","coverage evidence submitted/evaluating","coverage and evidence-pending status","Continue watching","Refresh status","server merges unique intervals and evaluates policy","server evidence","evidence_processing","poll/reload boundedly","video_progress_evidence","status announced without claiming mastery","AC-IMP-04","gap_blocked","watched intervals and policy version","protected self/tenant","media/progress","ACT-01"
"TR-ACT-003","FLOW-LEARN","JRN-03","STG-LEARN-02","ACT-01","/activity/{activityId}","enrolled learner","retryable_error","media/provider unavailable","player error; saved coverage statement","Retry media","Back to module","preserve canonical coverage; no completion","server evidence","provider_unavailable","bounded retry/support","provider_failure_category","error and alternate action reachable","AC-IMP-04; AC-UXA-01","gap_blocked","none","no provider detail","media","ACT-01"
"TR-ACT-004","FLOW-LEARN","JRN-03","STG-LEARN-02","ACT-01","/activity/{activityId}","enrolled learner","success","server completion predicate true","completed participation status; next activity","Continue to reflection","Review video","record canonical completion once","coverage evidence","completed","open ACT-02","activity_completed","success text/icon; no auto navigation","AC-IMP-04","gap_blocked","completion fact","protected self/tenant","progress","ACT-02"
"TR-ACT-005","FLOW-LEARN","JRN-03","STG-LEARN-03","ACT-02","/activity/{activityId}","enrolled learner","ready","reflection authorized/restored","prompt; textarea; restored revision; save status","Save reflection","Back to module","load self draft and policy","server draft","restored_or_dirty","save or return with warning","activity_opened","label; character/status association","AC-IMP-04; ACT-02","spec_ready","reflection draft","private self-scoped text","draft service","ACT-02"
"TR-ACT-006","FLOW-LEARN","JRN-03","STG-LEARN-03","ACT-02","/activity/{activityId}","enrolled learner","processing","save reflection","saving status; duplicate save controlled","Wait","Cancel only if safe","write with revision precondition","browser draft","saving","success conflict or retry","activity_draft_save_started","polite live status","AC-IMP-04; route contract","spec_ready","reflection draft and revision","private self-scoped text","draft service","ACT-02"
"TR-ACT-007","FLOW-LEARN","JRN-03","STG-LEARN-03","ACT-02","/activity/{activityId}","enrolled learner","success","save returns canonical draft","saved timestamp/revision","Continue when eligible","Keep editing","render canonical saved state","server draft","saved","edit or continue","activity_draft_saved","persistent non-color save status","AC-IMP-04; ACT-02","spec_ready","saved reflection","private self-scoped text","draft service","ACT-03"
"TR-ACT-008","FLOW-LEARN","JRN-03","STG-LEARN-03","ACT-02","/activity/{activityId}","enrolled learner","retryable_error","save fails","save-failed alert and preserved draft statement","Retry save","Copy text","no canonical saved/completed claim","browser draft","save_failed","reconnect/retry or copy","activity_draft_save_failed","alert linked to textarea/actions","AC-IMP-04; AC-UXA-01","spec_ready","none","browser draft remains private","draft service","ACT-02"
"TR-ACT-009","FLOW-LEARN","JRN-05","STG-LEARN-03","ACT-02","/activity/{activityId}","enrolled learner","offline_or_stale","network unavailable with dirty text","offline-unsaved banner","Reconnect and save","Copy text","block unsupported canonical write; no queue claim","browser draft only","offline_unsaved","reconnect then revisioned save","offline_state_entered","status announced; copy keyboard accessible","AC-UXA-01; Mobile/PWA","spec_ready","none","browser-only private text","PWA/draft service","ACT-02"
"TR-ACT-010","FLOW-LEARN","JRN-03","STG-LEARN-04","ACT-03","/activity/{activityId}","enrolled learner","ready","implementation activity eligible","instructions; acknowledgement; bounded evidence field","Start/Submit evidence","Back to module","separate shown started submitted and completed states","server draft/evidence","not_started_or_in_progress","save/submit or return","activity_started","checklist and labels","AC-IMP-04; ACT-03","spec_ready","implementation text evidence","protected self-scoped; no fabricated proof","evidence service","ACT-03"
"TR-ACT-011","FLOW-LEARN","JRN-03","STG-LEARN-04","ACT-03","/activity/{activityId}","enrolled learner","processing","submit implementation evidence","submitting status; idempotent command","Wait","none","create/reuse canonical submission and evaluate policy","submitted local text","submitting","retry same command","implementation_submitted","status announced","AC-IMP-04","spec_ready","implementation evidence","protected self-scoped","evidence service","ACT-03"
"TR-ACT-012","FLOW-LEARN","JRN-03","STG-LEARN-04","ACT-03","/activity/{activityId}","enrolled learner","success","canonical submission accepted","submitted/completed status and limits of verification","Continue to review","View evidence","show exact result; no real-world certainty claim","canonical evidence","completed_or_recorded","open ACT-04","activity_completed","success text/icon","AC-IMP-04","spec_ready","submission fact","protected self-scoped","evidence/progress","ACT-04"
"TR-ACT-013","FLOW-LEARN","JRN-03","STG-LEARN-04","ACT-03","/activity/{activityId}","enrolled learner","retryable_error","submission fails","failure panel and preservation statement","Retry submission","Copy text","no duplicate or completion claim","browser/server draft as available","submit_failed","retry same idempotency intent","implementation_submit_failed","alert and keyboard actions","AC-IMP-04","spec_ready","none","private evidence","evidence service","ACT-03"
"TR-ACT-014","FLOW-LEARN","JRN-03","STG-LEARN-05","ACT-04","/activity/{activityId}","enrolled learner","ready","review eligible","observed-pattern prompt; draft/save state","Save review","Back to implementation","save self-observation; no reviewer/AI fabrication","review draft","in_progress","save/retry","activity_opened","label and save status","AC-IMP-04; REVIEW-01","spec_ready","review observation","private self-scoped text","evidence service","ACT-04"
"TR-ACT-015","FLOW-LEARN","JRN-03","STG-LEARN-05","ACT-04","/activity/{activityId}","enrolled learner","success","review completion accepted","review recorded; next-action explanation","Continue to improve","Edit review if policy permits","record canonical completion","canonical review","completed","open ACT-05","activity_completed","success announced","AC-IMP-04","spec_ready","review completion","protected self-scoped","progress","ACT-05"
"TR-ACT-016","FLOW-LEARN","JRN-03","STG-LEARN-06","ACT-05","/activity/{activityId}","enrolled learner","ready","improve eligible","one-change prompt; draft/save state","Save improvement","Back to review","save explicit behavior/correction/next action","improvement draft","in_progress","save/retry","activity_opened","label and requirement text","AC-IMP-04","spec_ready","improvement action","private self-scoped text","evidence service","ACT-05"
"TR-ACT-017","FLOW-LEARN","JRN-03","STG-LEARN-06","ACT-05","/activity/{activityId}","enrolled learner","success","improve completion accepted","Module 1 evaluation and resulting status","View module progress","Review answer","evaluate required activities server-side","canonical evidence","completed_or_evaluating","open module/progress","module_completion_evaluated","no auto redirect; status text","AC-IMP-04","spec_ready","completion fact","protected self/tenant","progress","PROG-01"
"TR-PROG-001","FLOW-LEARN","JRN-03","STG-LEARN-06","PROG-01","/progress","learner","loading","open progress","named progress loading state","Wait","Back home","load canonical learner and enrollment projection","none","loading","retry or session recovery","progress_viewed","progress semantics and status","current progress page; progress-runtime.tsx; learner routes","runtime_pending","none","protected self/tenant","learning projection","PROG-01"
"TR-PROG-002","FLOW-LEARN","JRN-03","STG-LEARN-06","PROG-01","/progress","learner","ready","projection resolves","program; Module 1 activity facts; Modules 2-4 topology only; next action","Open course or permitted activity","Back home","show canonical facts without mastery hidden score or invented later-module breadth","none","ready","deep-link to permitted course/activity","progress_ready","text equivalents; no color-only progress","current progress page; progress-runtime.tsx; canonical learning projection","runtime_pending","none","protected self/tenant","learning projection","ACT-01"
"TR-PROG-003","FLOW-LEARN","JRN-03","STG-LEARN-06","PROG-01","/progress","learner","empty","no canonical progress/enrollment","first-use explanation","Go to Free Course","Back home","show empty not zero or failed","none","no_progress","explicit course start entry","progress_empty","empty heading/action","current progress page; progress-runtime.tsx; AC-UXA-01","runtime_pending","none","protected self","learning projection","COURSE-01"
"TR-SET-001","FLOW-SETTINGS","JRN-04","STG-SET-01","SET-01","/settings","learner","ready","open settings","Appearance; verified account; learning profile; session cards","Use bounded setting","Back home","load current self and onboarding facts only","none","ready","retry or use existing route","settings_viewed","landmarks headings controls and focus","current settings page; settings-runtime.tsx; learner routes","runtime_pending","none","protected self","settings","SET-02"
"TR-SET-002","FLOW-SETTINGS","JRN-04","STG-SET-01","SET-03","/settings","learner","ready","learning profile card resolves","bounded onboarding facts; read-only summary; saved/in-progress status","Update learning profile","Back","route edits through existing revisioned onboarding flow","none","ready","open /onboarding; use its conflict/retry behavior","profile_settings_viewed","definition list and named link","current settings-runtime.tsx; current onboarding contract","runtime_pending","none","self-scoped; text excluded from analytics","person profile","ONB-01"
"TR-SET-003","FLOW-SETTINGS","JRN-04","STG-SET-02","SET-02","/settings","learner","ready","appearance card resolves","Light Dark System button group with aria-pressed state","Choose theme","Choose System","apply semantic theme without business mutation","theme choice","ready","choose or leave","appearance_viewed","group label; visible selected state; keyboard buttons","current theme-control.tsx; theme tests; UI system","runtime_pending","none","non-sensitive presentation","frontend/settings","SET-02"
"TR-SET-004","FLOW-SETTINGS","JRN-04","STG-SET-02","SET-02","/settings","learner","success","theme choice changes","current learner semantic tokens and color-scheme update; selected device status","Continue","Choose another","apply immediately and persist only the non-sensitive device-local choice when storage permits","theme choice","theme_applied","apply for current page and fall back to System on later read if storage is unavailable","theme_changed_if_approved","preserve focus; runtime-check announcement and first paint","current theme-control.tsx; theme tests; layout.tsx","implementation_candidate","light/dark/system category","no secret business state account sync or cross-app sync","frontend/settings","SET-01"
"TR-SET-005","FLOW-SETTINGS","JRN-04","STG-SET-03","SET-04","/settings","learner","ready","verified account and session cards resolve","verified identity facts; sign-out action","Sign out","Back","call existing logout then return to login; no MFA SSO or new recovery semantics","none","ready","retry sign-out or use existing identity recovery route","security_settings_viewed","facts grouped; button status and disabled state","current settings-runtime.tsx; existing identity routes","runtime_pending","none","protected self","identity/settings","AUTH-01"
"TR-SET-006","FLOW-SETTINGS","JRN-04","STG-SET-03","SET-05","/settings","learner","ready","privacy/legal entry is presented","existing Terms and Privacy links only","Open Privacy","Open Terms","navigate to existing public legal routes; create no deletion or retention command","none","ready","Back to settings","privacy_settings_viewed","descriptive links and headings","current /privacy and /terms routes; explicit no-deletion boundary","implementation_candidate","none","public legal information; no self-service mutation","legal/web","SET-01"
"TR-SET-007","FLOW-SETTINGS","JRN-05","STG-SET-01","SET-01","/settings","learner","offline_or_stale","settings data service unreachable","named unavailable state; device-local theme remains operable for current page","Retry","Back home","block network-dependent settings actions; allow presentation-only device theme","theme choice only","offline","reconnect and retry","offline_state_entered","status and blocked actions explicit","current settings-runtime.tsx; theme-control.tsx; AC-UXA-01","implementation_candidate","theme choice if local","no sensitive mutation offline","settings/PWA","SYS-03"
"TR-SYS-001","FLOW-SYSTEM","JRN-05","STG-RES-01","SYS-01","current route","any","loading","initial protected/data transition","structure-preserving skeleton and named status","Wait","Cancel only when safe","continue bounded load","safe local input","loading","retry/session path on timeout","surface_loading","single restrained live announcement","UX State Spec; UI system","spec_ready","none","no protected placeholder data","surface owner","SYS-01"
"TR-SYS-002","FLOW-SYSTEM","JRN-05","STG-RES-01","SYS-02","current route","any","retryable_error","transient request/provider failure","domain-specific error; preservation statement","Retry","Safe alternate action","no canonical success mutation","contract-specific safe input","retryable_error","bounded retry then support","surface_retryable_error","alert plus focusable actions","UX State Spec; AC-UXA-01","spec_ready","none","sanitized error only","surface owner","SYS-02"
"TR-SYS-003","FLOW-SYSTEM","JRN-05","STG-RES-01","SYS-03","/offline","any","offline_or_stale","offline route or network loss","static no-protected-data explanation","Try again","Return to safe public page","no protected fetch/mutation","browser-only input described elsewhere","offline","reconnect","offline_viewed","offline state announced; keyboard actions","V0_1_ROUTE_SCREEN_CONTRACTS; Mobile/PWA","spec_ready","none","public static","PWA shell","HOME-01"
"TR-SYS-004","FLOW-SYSTEM","JRN-05","STG-RES-01","SYS-04","current route","learner","locked","prerequisite/access blocks resource","safe title; exact reason; permitted prerequisite","Go to prerequisite","Back","deny protected payload and preserve canonical state","none","locked","complete prerequisite or approved access path","resource_locked_viewed","lock status not color only","UX State Spec; G1_ROUTE_AUTHORIZATION","spec_ready","none","no cross-tenant disclosure","authorization","COURSE-02"
"TR-ADM-001","FLOW-ADMIN","JRN-06","STG-ADM-01","ADM-01","admin /","AC operator","unauthorized_or_expired","admin host without Access/app session","separate access/session boundary","Authenticate","Return to learner site","deny admin payload","safe admin return path","admin_auth_required","Access then AC session","admin_access_boundary","heading and no learner-session confusion","Admin boundary; AUTHORIZATION_MATRIX","spec_ready","none","privileged surface","edge plus identity","ADM-01"
"TR-ADM-002","FLOW-ADMIN","JRN-06","STG-ADM-01","ADM-01","admin /","authorized operator","loading","admin session present","tenant/role context skeleton","Wait","Sign out","resolve tenant membership permission freshness","none","loading","retry/session recovery","admin_overview_viewed","landmarks and status","Admin; route contract","spec_ready","none","tenant scoped","admin projection","ADM-01"
"TR-ADM-003","FLOW-ADMIN","JRN-06","STG-ADM-01","ADM-01","admin /","authorized operator","ready","overview projection resolves","tenant; role; freshness; available metrics; unknowns","Open learning operations","Open people","show read models only; unknown not zero","none","ready","navigate by permission","admin_overview_ready","tables/cards named; unknown textual","ORG-01 Drive; Admin boundary","spec_ready","none","tenant scoped","admin projection","ADM-04"
"TR-ADM-004","FLOW-ADMIN","JRN-06","STG-ADM-02","ADM-02","admin /people","operator without named permission","permission_denied","people route requested","safe denial without directory/resource existence","Back to overview","Sign out","deny server-side","none","permission_denied","request proper role through governance","admin_permission_denied","focus denial; no hidden data","AUTHORIZATION_MATRIX","spec_ready","none","no cross-tenant disclosure","authorization","ADM-01"
"TR-ADM-005","FLOW-ADMIN","JRN-06","STG-ADM-02","ADM-03","admin /catalog","authorized content operator","ready","catalog projection resolves","published/draft version facts; no unsafe publish control","Open version detail","Back","show immutable/version status and safe actions only","none","ready","navigate or retry","admin_catalog_viewed","table headings/status text","AUTHOR-01; Admin boundary","spec_ready","none","tenant/catalog scoped","catalog admin","ADM-03"
"TR-ADM-006","FLOW-ADMIN","JRN-06","STG-ADM-03","ADM-04","admin /learning-operations","authorized operator","ready","learning diagnosis requested","learner/enrollment/progress diagnosis with provenance","Open correction","Open grant","show canonical facts and permitted commands","none","ready","named command or return","learning_operations_viewed","dense table keyboard/zoom accessible","Admin boundary; ORG refs","spec_ready","diagnostic query","tenant scoped; least privilege","learning operations","ADM-05"
"TR-ADM-007","FLOW-ADMIN","JRN-06","STG-ADM-03","ADM-05","admin /people/corrections","authorized operator","processing","confirmed correction with reason","named consequence; reason; audit status","Confirm correction","Cancel","execute idempotent append-safe correction; never overwrite history","reason until result","processing","verify result or retry same command","admin_correction_requested","dialog focus trap/return; consequence text","Admin boundary; AC-IMP-03","spec_ready","target; reason; purpose; idempotency","tenant scoped; audit critical","learning operations","ADM-04"
"TR-ADM-008","FLOW-ADMIN","JRN-06","STG-ADM-03","ADM-06","admin /people/grants","authorized operator","processing","confirmed grant with reason","access source; target; reason; audit status","Confirm grant","Cancel","execute named idempotent grant without payment fabrication","reason until result","processing","verify result or retry same command","admin_grant_requested","dialog semantics and explicit consequence","Admin boundary; AC-IMP-04","spec_ready","target; reason; access source","tenant scoped; audit critical","learning operations","ADM-04"
"TR-ADM-009","FLOW-ADMIN","JRN-06","STG-ADM-03","ADM-04","admin /learning-operations","authorized operator","retryable_error","diagnosis/command transient failure","sanitized error; correlation/request ID; current audit state","Retry","Open runbook/support","preserve canonical command outcome; query before repeat","reason and idempotency intent","operation_unknown_or_failed","reconcile through named application command; no SQL","admin_operation_failed","error/status/correlation accessible","AC-UXA-01; AGENTS guardrails","spec_ready","request ID only","no secrets/internal exception","learning operations","ADM-04"
