gap_id,priority,coverage_class,existing_design_groups,required_next_artifact,acceptance,implementation_status
G01,P1,missing_named_journey,"15-admin-users;16-admin-operations;19-claim-evidence",Reviewer invitation-to-assignment transition table,Exact revision and recipient survive expiry/revocation/duplicate acceptance,Existing source seam; runtime unverified
G02,P1,under_specified,"19-claim-evidence;26-brain-quality",Correction proposal and adjudication state table,Lost response reuses operation; proposal never becomes approval by implication,Existing proposal API; final authority requires controlled reconciliation
G03,P1,under_specified,"01-shell;13-account;24-account-preferences",Authentication and cross-app return storyboard,Popup/email-code/session/terms branches preserve safe context and isolate accounts,Existing source flows; runtime unverified
G04,P1,under_specified,"02-upload;03-processing;04-recovery",Pre-admission upload and leave-page state table,Selected/saved/admitted milestones remain distinct through navigation and reload,Existing upload store; runtime unverified
G05,P1,capability_extension,"05-calls;21-calls-workspace",List query and measurement contract,Search scope and estimated duration labelled; pagination and rename preserve query,Loaded-page filtering and estimates observed in source
G06,P1,data_mapping,"06-report;17-report-depth",Schema-revision-to-fourteen-section crosswalk,Each visible section maps to actual data or honest absence,Multiple source contracts; no inferred defect
G07,P0,data_semantics,"06-report;18-conversation-visuals;16-admin-operations",Metric definition and artifact registry,Channel/speaker/clock/coverage/denominator/drill-down explicit; no fake scores,Current physical-channel measurement seam; richer graphics proposed
G08,P1,proof_and_sequence,"06-report;07-evidence;10-transcript;19-claim-evidence",Entry and return navigation table,Return restores focus/reading position without rewinding shared audio,Existing navigation mechanisms; sequence unverified
G09,P0,proposed_persistence,"11-prospects;12-prospect-detail;22-prospect-intelligence;23-prospect-journey",Prospect entities provenance permission and retention contract,All supplied relevant facts retained or explicitly unclassified; conflicts and deletion governed,Proposed capability; do not infer backend absence beyond audit scope
G10,P1,proposed_persistence,"08-skills;09-next-call;20-rewatch-practice;26-brain-quality",Learner focus reflection and revision contract,Private learner choices saved/conflict/superseded separately from facts and scores,Current report/local selection seam; longitudinal workflow proposed
G11,P0,activation_contract,"14-providers;25-provider-connections;26-brain-quality",Stage capability and paid-test activation matrix,C2/C4/C5 separately supported; settings revision and old work behaviour explicit,Configuration exists; hosted benchmark composition absent in inspected page
G12,P1,under_specified,"13-account;24-account-preferences",Mounted profile and preference authority map,Revision conflict and accepted-but-unconfirmed state represented; avatar support verified,Account editor exists; avatar mounting/sync not established
G13,P1,under_specified,"15-admin-users;27-access-operations",Cross-admin grant recovery and delivery table plus token-entitlement definition,Same uncertain operation recovered safely; grant/request/delivery distinct; tokens not assumed equivalent to minutes,Existing minute-grant recovery source; token grants not established; runtime unverified
G14,P1,mixed_supported_proposed,"28-help-data-controls;06-report",Actual export and deletion lifecycle map,DOCX response/permission errors handled; requested/deleting/deleted and cascade distinguished,Existing DOCX/deletion seams; extra formats/background jobs proposed
G15,P1,missing_entry_context_matrix,"01-shell;06-report;07-evidence",Standalone learner legacy reviewer and admin entry map,One shell/player owner and correct return/auth context per entry,Multiple existing hosts; parity unverified
