adduser	3.137ubuntu1
apparmor	4.0.1really4.0.1-0ubuntu0.24.04.7
apparmor-utils	4.0.1really4.0.1-0ubuntu0.24.04.7
appstream	1.0.2-1build6
apt	2.8.3
apt-transport-https	2.8.3
apt-utils	2.8.3
audispd-plugins	1:3.1.2-2.1build1.1
auditd	1:3.1.2-2.1build1.1
base-files	13ubuntu10.4
base-passwd	3.6.3build1
bash	5.2.21-2ubuntu4
bash-completion	1:2.11-8
bcache-tools	1.0.8-5build1
bind9-dnsutils	1:9.18.39-0ubuntu0.24.04.6
bind9-host	1:9.18.39-0ubuntu0.24.04.6
bind9-libs:amd64	1:9.18.39-0ubuntu0.24.04.6
bind9-utils	1:9.18.39-0ubuntu0.24.04.6
bsdextrautils	2.39.3-9ubuntu6.5
bsdutils	1:2.39.3-9ubuntu6.5
btrfs-progs	6.6.3-1.1build2
busybox-initramfs	1:1.36.1-6ubuntu3.1
busybox-static	1:1.36.1-6ubuntu3.1
byobu	6.11-0ubuntu1.1
ca-certificates	20260601~24.04.1
cloud-guest-utils	0.33-1
cloud-init	26.1-0ubuntu1~24.04.1
cloud-initramfs-copymods	0.49~24.04.1
cloud-initramfs-dyn-netconf	0.49~24.04.1
cloudflared	2026.8.2
command-not-found	23.04.0
console-setup	1.226ubuntu1.1
console-setup-linux	1.226ubuntu1.1
containerd.io	2.3.3-1~ubuntu.24.04~noble
coreutils	9.4-3ubuntu6.2
cpio	2.15+dfsg-1ubuntu2
cron	3.0pl1-184ubuntu2
cron-daemon-common	3.0pl1-184ubuntu2
cryptsetup	2:2.7.0-1ubuntu4.2
cryptsetup-bin	2:2.7.0-1ubuntu4.2
cryptsetup-initramfs	2:2.7.0-1ubuntu4.2
curl	8.5.0-2ubuntu10.13
dash	0.5.12-6ubuntu5
dbus	1.14.10-4ubuntu4.1
dbus-bin	1.14.10-4ubuntu4.1
dbus-daemon	1.14.10-4ubuntu4.1
dbus-session-bus-common	1.14.10-4ubuntu4.1
dbus-system-bus-common	1.14.10-4ubuntu4.1
dbus-user-session	1.14.10-4ubuntu4.1
debconf	1.5.86ubuntu1
debconf-i18n	1.5.86ubuntu1
debianutils	5.17build1
dhcpcd-base	1:10.0.6-1ubuntu3.2
diffutils	1:3.10-1build1
dirmngr	2.4.4-2ubuntu17.4
distro-info	1.7build1
distro-info-data	0.72-0ubuntu0.24.04.1
dmeventd	2:1.02.185-3ubuntu3.2
dmidecode	3.5-3ubuntu0.1
dmsetup	2:1.02.185-3ubuntu3.2
docker-buildx-plugin	0.36.1-1~ubuntu.24.04~noble
docker-ce	5:29.7.2-1~ubuntu.24.04~noble
docker-ce-cli	5:29.7.2-1~ubuntu.24.04~noble
docker-ce-rootless-extras	5:29.7.2-1~ubuntu.24.04~noble
docker-compose-plugin	5.5.0-1~ubuntu.24.04~noble
dosfstools	4.2-1.1build1
dpkg	1.22.6ubuntu6.6
dracut-install	060+5-1ubuntu3.3
e2fsprogs	1.47.0-2.4~exp1ubuntu4.1
e2fsprogs-l10n	1.47.0-2.4~exp1ubuntu4.1
eatmydata	131-1ubuntu1
ed	1.20.1-1
efibootmgr	18-1build2
eject	2.39.3-9ubuntu6.5
ethtool	1:6.7-1build1
fail2ban	1.0.2-3ubuntu0.1
fdisk	2.39.3-9ubuntu6.5
ffmpeg	7:6.1.1-3ubuntu5
file	1:5.45-3build1
finalrd	9build1
findutils	4.9.0-5build1
fontconfig	2.15.0-1.1ubuntu2
fontconfig-config	2.15.0-1.1ubuntu2
fonts-dejavu-core	2.37-8
fonts-dejavu-mono	2.37-8
fonts-ubuntu-console	0.869+git20240321-0ubuntu1
friendly-recovery	0.2.42
ftp	20230507-2build3
fuse3	3.14.0-5build1
gawk	1:5.2.1-2ubuntu0.1
gcc-14-base:amd64	14.2.0-4ubuntu2~24.04.1
gdisk	1.0.10-1build1
gettext-base	0.21-14ubuntu2
gir1.2-girepository-2.0:amd64	1.80.1-1
gir1.2-glib-2.0:amd64	2.80.0-6ubuntu3.8
gir1.2-packagekitglib-1.0	1.2.8-2ubuntu1.5
git	1:2.43.0-1ubuntu7.3
git-man	1:2.43.0-1ubuntu7.3
gnupg	2.4.4-2ubuntu17.4
gnupg-l10n	2.4.4-2ubuntu17.4
gnupg-utils	2.4.4-2ubuntu17.4
gpg	2.4.4-2ubuntu17.4
gpg-agent	2.4.4-2ubuntu17.4
gpg-wks-client	2.4.4-2ubuntu17.4
gpgconf	2.4.4-2ubuntu17.4
gpgsm	2.4.4-2ubuntu17.4
gpgv	2.4.4-2ubuntu17.4
grep	3.11-4build1
groff-base	1.23.0-3build2
grub-common	2.12-1ubuntu7.3
grub-efi-amd64-bin	2.12-1ubuntu7.3
grub-efi-amd64-signed	1.202.5+2.12-1ubuntu7.3
grub-gfxpayload-lists	0.7build2
grub-pc	2.12-1ubuntu7.3
grub-pc-bin	2.12-1ubuntu7.3
grub2-common	2.12-1ubuntu7.3
gzip	1.12-1ubuntu3.2
hdparm	9.65+ds-1build1
hostname	3.23+nmu2ubuntu2
htop	3.3.0-4build1
ibverbs-providers:amd64	50.0-2ubuntu0.2
inetutils-telnet	2:2.5-3ubuntu4.2
infisical	0.43.125
info	7.1-3build2
init	1.66ubuntu1
init-system-helpers	1.66ubuntu1
initramfs-tools	0.142ubuntu25.8
initramfs-tools-bin	0.142ubuntu25.8
initramfs-tools-core	0.142ubuntu25.8
install-info	7.1-3build2
iproute2	6.1.0-1ubuntu6.4
iptables	1.8.10-3ubuntu2
iputils-ping	3:20240117-1ubuntu0.1
iputils-tracepath	3:20240117-1ubuntu0.1
iso-codes	4.16.0-1
jq	1.7.1-3ubuntu0.24.04.2
kbd	2.6.4-2ubuntu2
keyboard-configuration	1.226ubuntu1.1
keyboxd	2.4.4-2ubuntu17.4
klibc-utils	2.0.13-4ubuntu0.2
kmod	31+20240202-2ubuntu7.2
krb5-locales	1.20.1-6ubuntu2.8
less	590-2ubuntu2.1
libacl1:amd64	2.3.2-1build1.1
libaio1t64:amd64	0.3.113-6build1.1
libaom3:amd64	3.8.2-2ubuntu0.2
libapparmor1:amd64	4.0.1really4.0.1-0ubuntu0.24.04.7
libappstream5:amd64	1.0.2-1build6
libapt-pkg6.0t64:amd64	2.8.3
libargon2-1:amd64	0~20190702+dfsg-4build1
libasound2-data	1.2.11-1ubuntu0.3
libasound2t64:amd64	1.2.11-1ubuntu0.3
libass9:amd64	1:0.17.1-2build1
libassuan0:amd64	2.5.6-1build1
libasyncns0:amd64	0.8-6build4
libatm1t64:amd64	1:2.5.1-5.1build1
libattr1:amd64	1:2.5.2-1build1.1
libaudit-common	1:3.1.2-2.1build1.1
libaudit1:amd64	1:3.1.2-2.1build1.1
libauparse0t64:amd64	1:3.1.2-2.1build1.1
libavc1394-0:amd64	0.5.4-5build3
libavcodec60:amd64	7:6.1.1-3ubuntu5
libavdevice60:amd64	7:6.1.1-3ubuntu5
libavfilter9:amd64	7:6.1.1-3ubuntu5
libavformat60:amd64	7:6.1.1-3ubuntu5
libavutil58:amd64	7:6.1.1-3ubuntu5
libblas3:amd64	3.12.0-3build1.1
libblkid1:amd64	2.39.3-9ubuntu6.5
libbluray2:amd64	1:1.3.4-1build1
libbpf1:amd64	1:1.3.0-2build2
libbrotli1:amd64	1.1.0-2build2
libbs2b0:amd64	3.1.0+dfsg-7build1
libbsd0:amd64	0.12.1-1build1.1
libbz2-1.0:amd64	1.0.8-5.1build0.1
libc-bin	2.39-0ubuntu8.8
libc6:amd64	2.39-0ubuntu8.8
libcaca0:amd64	0.99.beta20-4ubuntu0.2
libcairo-gobject2:amd64	1.18.0-3build1
libcairo2:amd64	1.18.0-3build1
libcap-ng0:amd64	0.8.4-2build2
libcap2-bin	1:2.66-5ubuntu2.4
libcap2:amd64	1:2.66-5ubuntu2.4
libcbor0.10:amd64	0.10.2-1.2ubuntu2
libcdio-cdda2t64:amd64	10.2+2.0.1-1.1build2
libcdio-paranoia2t64:amd64	10.2+2.0.1-1.1build2
libcdio19t64:amd64	2.1.0-4.1ubuntu1.2
libchromaprint1:amd64	1.5.1-5
libcjson1:amd64	1.7.17-1
libcodec2-1.2:amd64	1.2.0-2build1
libcom-err2:amd64	1.47.0-2.4~exp1ubuntu4.1
libcrypt1:amd64	1:4.4.36-4build1
libcryptsetup12:amd64	2:2.7.0-1ubuntu4.2
libcurl3t64-gnutls:amd64	8.5.0-2ubuntu10.13
libcurl4t64:amd64	8.5.0-2ubuntu10.13
libdatrie1:amd64	0.2.13-3build1
libdav1d7:amd64	1.4.1-1build1
libdb5.3t64:amd64	5.3.28+dfsg2-7
libdbus-1-3:amd64	1.14.10-4ubuntu4.1
libdc1394-25:amd64	2.2.6-4build1
libdebconfclient0:amd64	0.271ubuntu3
libdecor-0-0:amd64	0.2.2-1build2
libdeflate0:amd64	1.19-1build1.1
libdevmapper-event1.02.1:amd64	2:1.02.185-3ubuntu3.2
libdevmapper1.02.1:amd64	2:1.02.185-3ubuntu3.2
libdrm-amdgpu1:amd64	2.4.125-1ubuntu0.1~24.04.2
libdrm-common	2.4.125-1ubuntu0.1~24.04.2
libdrm-intel1:amd64	2.4.125-1ubuntu0.1~24.04.2
libdrm2:amd64	2.4.125-1ubuntu0.1~24.04.2
libduktape207:amd64	2.7.0+tests-0ubuntu3
libdw1t64:amd64	0.190-1.1ubuntu0.1
libeatmydata1:amd64	131-1ubuntu1
libedit2:amd64	3.1-20230828-1build1
libefiboot1t64:amd64	38-3.1build1
libefivar1t64:amd64	38-3.1build1
libelf1t64:amd64	0.190-1.1ubuntu0.1
liberror-perl	0.17029-2
libestr0:amd64	0.1.11-1build1
libevdev2:amd64	1.13.1+dfsg-1build1
libevent-core-2.1-7t64:amd64	2.1.12-stable-9ubuntu2
libexpat1:amd64	2.6.1-2ubuntu0.4
libext2fs2t64:amd64	1.47.0-2.4~exp1ubuntu4.1
libfastjson4:amd64	1.2304.0-1build1
libfdisk1:amd64	2.39.3-9ubuntu6.5
libffi8:amd64	3.4.6-1build1
libfftw3-double3:amd64	3.3.10-1ubuntu3
libfido2-1:amd64	1.14.0-1build3
libflac12t64:amd64	1.4.3+ds-2.1ubuntu2
libflite1:amd64	2.2-6build3
libfontconfig1:amd64	2.15.0-1.1ubuntu2
libfreetype6:amd64	2.13.2+dfsg-1ubuntu0.1
libfribidi0:amd64	1.0.13-3build1
libfuse3-3:amd64	3.14.0-5build1
libgbm1:amd64	25.2.8-0ubuntu0.24.04.2
libgcc-s1:amd64	14.2.0-4ubuntu2~24.04.1
libgcrypt20:amd64	1.10.3-2ubuntu0.1
libgdbm-compat4t64:amd64	1.23-5.1build1
libgdbm6t64:amd64	1.23-5.1build1
libgdk-pixbuf-2.0-0:amd64	2.42.10+dfsg-3ubuntu3.3
libgdk-pixbuf2.0-common	2.42.10+dfsg-3ubuntu3.3
libgfortran5:amd64	14.2.0-4ubuntu2~24.04.1
libgirepository-1.0-1:amd64	1.80.1-1
libgl1-mesa-dri:amd64	25.2.8-0ubuntu0.24.04.2
libgl1:amd64	1.7.0-1build1
libglib2.0-0t64:amd64	2.80.0-6ubuntu3.8
libglib2.0-bin	2.80.0-6ubuntu3.8
libglib2.0-data	2.80.0-6ubuntu3.8
libglvnd0:amd64	1.7.0-1build1
libglx-mesa0:amd64	25.2.8-0ubuntu0.24.04.2
libglx0:amd64	1.7.0-1build1
libgme0:amd64	0.6.3-7build1
libgmp10:amd64	2:6.3.0+dfsg-2ubuntu6.1
libgnutls30t64:amd64	3.8.3-1.1ubuntu3.6
libgomp1:amd64	14.2.0-4ubuntu2~24.04.1
libgpg-error-l10n	1.47-3build2.1
libgpg-error0:amd64	1.47-3build2.1
libgpm2:amd64	1.20.7-11
libgraphite2-3:amd64	1.3.14-2ubuntu0.24.04.1
libgsm1:amd64	1.0.22-1build1
libgssapi-krb5-2:amd64	1.20.1-6ubuntu2.8
libgstreamer1.0-0:amd64	1.24.2-1ubuntu0.1
libharfbuzz0b:amd64	8.3.0-2build2
libhogweed6t64:amd64	3.9.1-2.2build1.1
libhwy1t64:amd64	1.0.7-8.1build1
libibverbs1:amd64	50.0-2ubuntu0.2
libicu74:amd64	74.2-1ubuntu3.1
libidn2-0:amd64	2.3.7-2build1.1
libiec61883-0:amd64	1.2.0-6build1
libinih1:amd64	55-1ubuntu2
libintl-perl	1.33-1build3
libintl-xs-perl	1.33-1build3
libip4tc2:amd64	1.8.10-3ubuntu2
libip6tc2:amd64	1.8.10-3ubuntu2
libjack-jackd2-0:amd64	1.9.21~dfsg-3ubuntu3
libjansson4:amd64	2.14-2build2
libjbig0:amd64	2.1-6.1ubuntu2
libjpeg-turbo8:amd64	2.1.5-2ubuntu2
libjpeg8:amd64	8c-2ubuntu11
libjq1:amd64	1.7.1-3ubuntu0.24.04.2
libjson-c5:amd64	0.17-1build1
libjxl0.7:amd64	0.7.0-10.2ubuntu6.1
libk5crypto3:amd64	1.20.1-6ubuntu2.8
libkeyutils1:amd64	1.6.3-3build1
libklibc:amd64	2.0.13-4ubuntu0.2
libkmod2:amd64	31+20240202-2ubuntu7.2
libkrb5-3:amd64	1.20.1-6ubuntu2.8
libkrb5support0:amd64	1.20.1-6ubuntu2.8
libksba8:amd64	1.6.6-1build1
liblapack3:amd64	3.12.0-3build1.1
liblcms2-2:amd64	2.14-2ubuntu0.1
libldap-common	2.6.10+dfsg-0ubuntu0.24.04.1
libldap2:amd64	2.6.10+dfsg-0ubuntu0.24.04.1
liblerc4:amd64	4.0.0+ds-4ubuntu2
liblilv-0-0:amd64	0.24.22-1build1
libllvm20:amd64	1:20.1.2-0ubuntu1~24.04.3
liblmdb0:amd64	0.9.31-1build1
liblocale-gettext-perl	1.07-6ubuntu5
liblvm2cmd2.03:amd64	2.03.16-3ubuntu3.2
liblz4-1:amd64	1.9.4-1build1.1
liblzma5:amd64	5.6.1+really5.4.5-1ubuntu0.3
liblzo2-2:amd64	2.10-2build4
libmagic-mgc	1:5.45-3build1
libmagic1t64:amd64	1:5.45-3build1
libmaxminddb0:amd64	1.9.1-1build1
libmbedcrypto7t64:amd64	2.28.8-1
libmd0:amd64	1.1.0-2build1.1
libmnl0:amd64	1.0.5-2build1
libmodule-find-perl	0.16-2
libmodule-scandeps-perl	1.35-1ubuntu0.24.04.1
libmount1:amd64	2.39.3-9ubuntu6.5
libmp3lame0:amd64	3.100-6build1
libmpfr6:amd64	4.2.1-1build1.1
libmpg123-0t64:amd64	1.32.5-1ubuntu1.1
libmysofa1:amd64	1.3.2+dfsg-2ubuntu2
libncurses6:amd64	6.4+20240113-1ubuntu2.1
libncursesw6:amd64	6.4+20240113-1ubuntu2.1
libnetfilter-conntrack3:amd64	1.0.9-6build1
libnetplan1:amd64	1.1.2-8ubuntu1~24.04.2
libnettle8t64:amd64	3.9.1-2.2build1.1
libnewt0.52:amd64	0.52.24-2ubuntu2
libnfnetlink0:amd64	1.0.2-2build1
libnftables1:amd64	1.0.9-1ubuntu0.1
libnftnl11:amd64	1.2.6-2build1
libnghttp2-14:amd64	1.59.0-1ubuntu0.4
libnl-3-200:amd64	3.7.0-0.3build1.1
libnl-genl-3-200:amd64	3.7.0-0.3build1.1
libnl-route-3-200:amd64	3.7.0-0.3build1.1
libnorm1t64:amd64	1.5.9+dfsg-3.1build1
libnpth0t64:amd64	1.6-3.1build1
libnss-systemd:amd64	255.4-1ubuntu8.17
libntfs-3g89t64:amd64	1:2022.10.3-1.2ubuntu3.2
libnuma1:amd64	2.0.18-1ubuntu0.24.04.1
libogg0:amd64	1.3.5-3build1
libonig5:amd64	6.9.9-1build1
libopenal-data	1:1.23.1-4build1
libopenal1:amd64	1:1.23.1-4build1
libopenjp2-7:amd64	2.5.0-2ubuntu0.5
libopenmpt0t64:amd64	0.7.3-1.1build3
libopus0:amd64	1.4-1build1
libp11-kit0:amd64	0.25.3-4ubuntu2.2
libpackagekit-glib2-18:amd64	1.2.8-2ubuntu1.5
libpam-cap:amd64	1:2.66-5ubuntu2.4
libpam-modules-bin	1.5.3-5ubuntu5.7
libpam-modules:amd64	1.5.3-5ubuntu5.7
libpam-runtime	1.5.3-5ubuntu5.7
libpam-systemd:amd64	255.4-1ubuntu8.17
libpam0g:amd64	1.5.3-5ubuntu5.7
libpango-1.0-0:amd64	1.52.1+ds-1build1
libpangocairo-1.0-0:amd64	1.52.1+ds-1build1
libpangoft2-1.0-0:amd64	1.52.1+ds-1build1
libparted2t64:amd64	3.6-4build1
libpcap0.8t64:amd64	1.10.4-4.1ubuntu3
libpci3:amd64	1:3.10.0-2build1
libpciaccess0:amd64	0.17-3ubuntu0.24.04.3
libpcre2-8-0:amd64	10.42-4ubuntu2.1
libperl5.38t64:amd64	5.38.2-3.2ubuntu0.4
libpgm-5.3-0t64:amd64	5.3.128~dfsg-2.1build1
libpipeline1:amd64	1.5.7-2
libpixman-1-0:amd64	0.42.2-1build1
libplacebo338:amd64	6.338.2-2build1
libplymouth5:amd64	24.004.60-1ubuntu7.2
libpng16-16t64:amd64	1.6.43-5ubuntu0.6
libpocketsphinx3:amd64	0.8.0+real5prealpha+1-15ubuntu5
libpolkit-agent-1-0:amd64	124-2ubuntu1.24.04.3
libpolkit-gobject-1-0:amd64	124-2ubuntu1.24.04.3
libpopt0:amd64	1.19+dfsg-1build1
libpostproc57:amd64	7:6.1.1-3ubuntu5
libproc-processtable-perl:amd64	0.636-1build3
libproc2-0:amd64	2:4.0.4-4ubuntu3.2
libpsl5t64:amd64	0.21.2-1.1build1
libpulse0:amd64	1:16.1+dfsg1-2ubuntu10.1
libpython3-stdlib:amd64	3.12.3-0ubuntu2.1
libpython3.12-minimal:amd64	3.12.3-1ubuntu0.15
libpython3.12-stdlib:amd64	3.12.3-1ubuntu0.15
libpython3.12t64:amd64	3.12.3-1ubuntu0.15
librabbitmq4:amd64	0.11.0-1ubuntu0.2
librav1e0:amd64	0.7.1-2
libraw1394-11:amd64	2.1.2-2build3
libreadline8t64:amd64	8.2-4build1
libreiserfscore0t64	1:3.6.27-7.1build1
librist4:amd64	0.2.10+dfsg-2
librsvg2-2:amd64	2.58.0+dfsg-1build1
librtmp1:amd64	2.4+20151223.gitfa8646d.1-2build7
librubberband2:amd64	3.3.0+dfsg-2build1
libsamplerate0:amd64	0.2.2-4build1
libsasl2-2:amd64	2.1.28+dfsg1-5ubuntu3.1
libsasl2-modules-db:amd64	2.1.28+dfsg1-5ubuntu3.1
libsasl2-modules:amd64	2.1.28+dfsg1-5ubuntu3.1
libsdl2-2.0-0:amd64	2.30.0+dfsg-1ubuntu3.1
libseccomp2:amd64	2.5.5-1ubuntu3.1
libselinux1:amd64	3.5-2ubuntu2.1
libsemanage-common	3.5-1build5
libsemanage2:amd64	3.5-1build5
libsensors-config	1:3.6.0-9build1
libsensors5:amd64	1:3.6.0-9build1
libsepol2:amd64	3.5-2build1
libserd-0-0:amd64	0.32.2-1
libsharpyuv0:amd64	1.3.2-0.4build3
libshine3:amd64	3.1.1-2build1
libsigsegv2:amd64	2.14-1ubuntu2
libslang2:amd64	2.3.3-3build2
libsmartcols1:amd64	2.39.3-9ubuntu6.5
libsnappy1v5:amd64	1.1.10-1build1
libsndfile1:amd64	1.2.2-1ubuntu5.24.04.1
libsndio7.0:amd64	1.9.0-0.3build3
libsodium23:amd64	1.0.18-1ubuntu0.24.04.1
libsord-0-0:amd64	0.16.16-2build1
libsort-naturally-perl	1.03-4
libsoxr0:amd64	0.1.3-4build3
libspeex1:amd64	1.2.1-2ubuntu2.24.04.1
libsphinxbase3t64:amd64	0.8+5prealpha+1-17build2
libsqlite3-0:amd64	3.45.1-1ubuntu2.7
libsratom-0-0:amd64	0.6.16-1build1
libsrt1.5-gnutls:amd64	1.5.3-1build2
libss2:amd64	1.47.0-2.4~exp1ubuntu4.1
libssh-4:amd64	0.10.6-2ubuntu0.5
libssh-gcrypt-4:amd64	0.10.6-2ubuntu0.5
libssl3t64:amd64	3.0.13-0ubuntu3.15
libstdc++6:amd64	14.2.0-4ubuntu2~24.04.1
libstemmer0d:amd64	2.2.0-4build1
libsvtav1enc1d1:amd64	1.7.0+dfsg-2build1
libswresample4:amd64	7:6.1.1-3ubuntu5
libswscale7:amd64	7:6.1.1-3ubuntu5
libsystemd-shared:amd64	255.4-1ubuntu8.17
libsystemd0:amd64	255.4-1ubuntu8.17
libtasn1-6:amd64	4.19.0-3ubuntu0.24.04.2
libterm-readkey-perl	2.38-2build4
libtext-charwidth-perl:amd64	0.04-11build3
libtext-iconv-perl:amd64	1.7-8build3
libtext-wrapi18n-perl	0.06-10
libthai-data	0.1.29-2build1
libthai0:amd64	0.1.29-2build1
libtheora0:amd64	1.1.1+dfsg.1-16.1build3
libtiff6:amd64	4.5.1+git230720-4ubuntu2.5
libtinfo6:amd64	6.4+20240113-1ubuntu2.1
libtirpc-common	1.3.4+ds-1.1build1
libtirpc3t64:amd64	1.3.4+ds-1.1build1
libtraceevent1-plugin:amd64	1:1.8.2-1ubuntu2.1
libtraceevent1:amd64	1:1.8.2-1ubuntu2.1
libtracefs1:amd64	1.8.0-1ubuntu1
libtss2-esys-3.0.2-0t64:amd64	4.0.1-7.1ubuntu5.1
libtss2-mu-4.0.1-0t64:amd64	4.0.1-7.1ubuntu5.1
libtss2-sys1t64:amd64	4.0.1-7.1ubuntu5.1
libtss2-tcti-cmd0t64:amd64	4.0.1-7.1ubuntu5.1
libtss2-tcti-device0t64:amd64	4.0.1-7.1ubuntu5.1
libtss2-tcti-mssim0t64:amd64	4.0.1-7.1ubuntu5.1
libtss2-tcti-swtpm0t64:amd64	4.0.1-7.1ubuntu5.1
libtwolame0:amd64	0.4.0-2build3
libuchardet0:amd64	0.0.8-1build1
libudev1:amd64	255.4-1ubuntu8.17
libudfread0:amd64	1.1.2-1build1
libunibreak5:amd64	5.1-2build1
libunistring5:amd64	1.1-2build1.1
libunwind8:amd64	1.6.2-3build1.1
liburcu8t64:amd64	0.14.0-3.1build1
liburing2:amd64	2.5-1build1
libusb-1.0-0:amd64	2:1.0.27-1
libutempter0:amd64	1.2.1-3build1
libuuid1:amd64	2.39.3-9ubuntu6.5
libuv1t64:amd64	1.48.0-1.1build1
libva-drm2:amd64	2.20.0-2ubuntu0.2
libva-x11-2:amd64	2.20.0-2ubuntu0.2
libva2:amd64	2.20.0-2ubuntu0.2
libvdpau1:amd64	1.5-2build1
libvidstab1.1:amd64	1.1.0-2build1
libvorbis0a:amd64	1.3.7-1build3
libvorbisenc2:amd64	1.3.7-1build3
libvorbisfile3:amd64	1.3.7-1build3
libvpl2	2023.3.0-1build1
libvpx9:amd64	1.14.0-1ubuntu2.3
libvulkan1:amd64	1.3.275.0-1build1
libwayland-client0:amd64	1.22.0-2.1build1
libwayland-cursor0:amd64	1.22.0-2.1build1
libwayland-egl1:amd64	1.22.0-2.1build1
libwebp7:amd64	1.3.2-0.4build3
libwebpmux3:amd64	1.3.2-0.4build3
libwrap0:amd64	7.6.q-33
libx11-6:amd64	2:1.8.7-1build1
libx11-data	2:1.8.7-1build1
libx11-xcb1:amd64	2:1.8.7-1build1
libx264-164:amd64	2:0.164.3108+git31e19f9-1
libx265-199:amd64	3.5-2build1
libxau6:amd64	1:1.0.9-1build6
libxcb-dri3-0:amd64	1.15-1ubuntu2
libxcb-glx0:amd64	1.15-1ubuntu2
libxcb-present0:amd64	1.15-1ubuntu2
libxcb-randr0:amd64	1.15-1ubuntu2
libxcb-render0:amd64	1.15-1ubuntu2
libxcb-shape0:amd64	1.15-1ubuntu2
libxcb-shm0:amd64	1.15-1ubuntu2
libxcb-sync1:amd64	1.15-1ubuntu2
libxcb-xfixes0:amd64	1.15-1ubuntu2
libxcb1:amd64	1.15-1ubuntu2
libxcursor1:amd64	1:1.2.1-1build1
libxdmcp6:amd64	1:1.1.3-0ubuntu6
libxext6:amd64	2:1.3.4-1build2
libxfixes3:amd64	1:6.0.0-2build1
libxi6:amd64	2:1.8.1-1build1
libxkbcommon0:amd64	1.6.0-1build1
libxml2:amd64	2.9.14+dfsg-1.3ubuntu3.8
libxmlb2:amd64	0.3.24-1~ubuntu0.24.04.1
libxmuu1:amd64	2:1.1.3-3build2
libxrandr2:amd64	2:1.5.2-2build1
libxrender1:amd64	1:0.9.10-1.1build1
libxshmfence1:amd64	1.3-1build5
libxss1:amd64	1:1.2.3-1build3
libxtables12:amd64	1.8.10-3ubuntu2
libxv1:amd64	2:1.0.11-1.1build1
libxvidcore4:amd64	2:1.3.7-1build1
libxxf86vm1:amd64	1:1.1.4-1build4
libxxhash0:amd64	0.8.2-2build1
libyaml-0-2:amd64	0.2.5-1build1
libzimg2:amd64	3.0.5+ds1-1build1
libzix-0-0:amd64	0.4.2-2build1
libzmq5:amd64	4.3.5-1build2
libzstd1:amd64	1.5.5+dfsg2-2build1.1
libzvbi-common	0.2.42-2
libzvbi0t64:amd64	0.2.42-2
linux-base	4.5ubuntu9+24.04.2
linux-image-6.8.0-137-generic	6.8.0-137.137
linux-image-6.8.0-138-generic	6.8.0-138.138
linux-image-virtual	6.8.0-138.138
linux-modules-6.8.0-137-generic	6.8.0-137.137
linux-modules-6.8.0-138-generic	6.8.0-138.138
locales	2.39-0ubuntu8.8
login	1:4.13+dfsg1-4ubuntu3.2
logrotate	3.21.0-2build1
logsave	1.47.0-2.4~exp1ubuntu4.1
lsb-release	12.0-2
lshw	02.19.git.2021.06.19.996aaad9c7-2ubuntu0.24.04.1
lsof	4.95.0-1build3
lvm2	2.03.16-3ubuntu3.2
lxd-agent-loader	0.7ubuntu0.1
lxd-installer	4ubuntu0.1
man-db	2.12.0-4build2
manpages	6.7-2
mawk	1.3.4.20240123-1build1
mdadm	4.3-1ubuntu2.1
media-types	10.1.0
mesa-libgallium:amd64	25.2.8-0ubuntu0.24.04.2
mokutil	0.6.0-2build3
monarx-agent	4.3.59-master
monarx-protect	5.2.67-master
monarx-protect-autodetect	5.2.67-master
motd-news-config	13ubuntu10.4
mount	2.39.3-9ubuntu6.5
mtr-tiny	0.95-1.1ubuntu0.1
nano	7.2-2ubuntu0.2
ncurses-base	6.4+20240113-1ubuntu2.1
ncurses-bin	6.4+20240113-1ubuntu2.1
ncurses-term	6.4+20240113-1ubuntu2.1
needrestart	3.6-7ubuntu4.5
net-tools	2.10-0.1ubuntu4.4
netbase	6.4
netcat-openbsd	1.226-1ubuntu2
netplan-generator	1.1.2-8ubuntu1~24.04.2
netplan.io	1.1.2-8ubuntu1~24.04.2
networkd-dispatcher	2.2.4-1
nftables	1.0.9-1ubuntu0.1
ntfs-3g	1:2022.10.3-1.2ubuntu3.2
numactl	2.0.18-1ubuntu0.24.04.1
ocl-icd-libopencl1:amd64	2.3.2-1build1
openssh-client	1:9.6p1-3ubuntu13.18
openssh-server	1:9.6p1-3ubuntu13.18
openssh-sftp-server	1:9.6p1-3ubuntu13.18
openssl	3.0.13-0ubuntu3.15
os-prober	1.81ubuntu4
overlayroot	0.49~24.04.1
packagekit	1.2.8-2ubuntu1.5
packagekit-tools	1.2.8-2ubuntu1.5
parted	3.6-4build1
passwd	1:4.13+dfsg1-4ubuntu3.2
pastebinit	1.6.2-1
patch	2.7.6-7build3
pci.ids	0.0~2024.03.31-1ubuntu0.1
pciutils	1:3.10.0-2build1
perl	5.38.2-3.2ubuntu0.4
perl-base	5.38.2-3.2ubuntu0.4
perl-modules-5.38	5.38.2-3.2ubuntu0.4
pigz	2.8-1
pinentry-curses	1.2.1-3ubuntu5
plymouth	24.004.60-1ubuntu7.2
plymouth-theme-ubuntu-text	24.004.60-1ubuntu7.2
polkitd	124-2ubuntu1.24.04.3
powermgmt-base	1.37ubuntu0.1
procps	2:4.0.4-4ubuntu3.2
psmisc	23.7-1build1
publicsuffix	20231001.0357-0.1
python-apt-common	2.7.7ubuntu5.2
python-babel-localedata	2.10.3-3build1
python3	3.12.3-0ubuntu2.1
python3-apparmor	4.0.1really4.0.1-0ubuntu0.24.04.7
python3-apt	2.7.7ubuntu5.2
python3-attr	23.2.0-2
python3-babel	2.10.3-3build1
python3-blinker	1.7.0-1
python3-certifi	2023.11.17-1
python3-cffi-backend:amd64	1.16.0-2build1
python3-chardet	5.2.0+dfsg-1
python3-commandnotfound	23.04.0
python3-configobj	5.0.8-3
python3-cryptography	41.0.7-4ubuntu0.4
python3-dbus	1.3.2-5build3
python3-debconf	1.5.86ubuntu1
python3-debian	0.1.49ubuntu2
python3-distro	1.9.0-1
python3-distro-info	1.7build1
python3-distupgrade	1:24.04.28
python3-gdbm:amd64	3.12.3-0ubuntu1
python3-gi	3.48.2-1
python3-httplib2	0.20.4-3ubuntu0.1
python3-idna	3.6-2ubuntu0.2
python3-jinja2	3.1.2-1ubuntu1.3
python3-json-pointer	2.0-0ubuntu1
python3-jsonpatch	1.32-3
python3-jsonschema	4.10.3-2ubuntu1
python3-jwt	2.7.0-1ubuntu0.1
python3-launchpadlib	1.11.0-6
python3-lazr.restfulclient	0.14.6-1
python3-lazr.uri	1.0.6-3
python3-libapparmor	4.0.1really4.0.1-0ubuntu0.24.04.7
python3-markdown-it	3.0.0-2
python3-markupsafe	2.1.5-1build2
python3-mdurl	0.1.2-1
python3-minimal	3.12.3-0ubuntu2.1
python3-netplan	1.1.2-8ubuntu1~24.04.2
python3-newt:amd64	0.52.24-2ubuntu2
python3-oauthlib	3.2.2-1
python3-openssl	23.2.0-1ubuntu0.1
python3-pkg-resources	68.1.2-2ubuntu1.2
python3-pyasyncore	1.0.2-2
python3-pygments	2.17.2+dfsg-1
python3-pyparsing	3.1.1-1
python3-pyrsistent:amd64	0.20.0-1build2
python3-requests	2.31.0+dfsg-1ubuntu1.1
python3-rich	13.7.1-1
python3-serial	3.5-2
python3-setuptools	68.1.2-2ubuntu1.2
python3-six	1.16.0-4
python3-software-properties	0.99.49.4
python3-systemd	235-1build4
python3-typing-extensions	4.10.0-1
python3-tz	2024.1-2
python3-update-manager	1:24.04.12
python3-urllib3	2.0.7-1ubuntu0.7
python3-wadllib	1.3.6-5
python3-yaml	6.0.1-2build2
python3.12	3.12.3-1ubuntu0.15
python3.12-minimal	3.12.3-1ubuntu0.15
qemu-guest-agent	1:8.2.2+ds-0ubuntu1.18
rclone	1.60.1+dfsg-3ubuntu0.24.04.6
readline-common	8.2-4build1
restic	0.16.4-2ubuntu0.24.04.3
rsync	3.2.7-1ubuntu1.5
rsyslog	8.2312.0-3ubuntu9.3
run-one	1.17-0ubuntu2
sbsigntool	0.9.4-3.1ubuntu7
screen	4.9.1-1ubuntu1
secureboot-db	1.9build1
sed	4.9-2ubuntu0.24.04.1
sensible-utils	0.0.22
sgml-base	1.31
shared-mime-info	2.4-4
shim-signed	1.58+15.8-0ubuntu1
software-properties-common	0.99.49.4
ssh-import-id	5.11-0ubuntu2.24.04.1
strace	6.8-0ubuntu2
sudo	1.9.15p5-3ubuntu5.24.04.2
sysstat	12.6.1-2
systemd	255.4-1ubuntu8.17
systemd-dev	255.4-1ubuntu8.17
systemd-hwe-hwdb	255.1.7
systemd-resolved	255.4-1ubuntu8.17
systemd-sysv	255.4-1ubuntu8.17
systemd-timesyncd	255.4-1ubuntu8.17
sysvinit-utils	3.08-6ubuntu3
tar	1.35+dfsg-3ubuntu0.4
tcpdump	4.99.4-3ubuntu4.24.04.1
telnet	0.17+2.5-3ubuntu4.2
thin-provisioning-tools	0.9.0-2ubuntu5.1
time	1.9-0.2build1
tmux	3.4-1ubuntu0.1
tnftp	20230507-2build3
tpm-udev	0.6ubuntu1
trace-cmd	3.2-1ubuntu2
tzdata	2026c-0ubuntu0.24.04.1
ubuntu-keyring	2023.11.28.1
ubuntu-minimal	1.539.2
ubuntu-pro-client	37.2ubuntu~24.04.1
ubuntu-pro-client-l10n	37.2ubuntu~24.04.1
ubuntu-release-upgrader-core	1:24.04.28
ubuntu-standard	1.539.2
ucf	3.0043+nmu1
udev	255.4-1ubuntu8.17
ufw	0.36.2-6
unattended-upgrades	2.9.1+nmu4ubuntu1
unzip	6.0-28ubuntu4.1
update-manager-core	1:24.04.12
update-notifier-common	3.192.68.2
usb.ids	2024.03.18-1
usbutils	1:017-3build1
util-linux	2.39.3-9ubuntu6.5
uuid-runtime	2.39.3-9ubuntu6.5
vim	2:9.1.0016-1ubuntu7.20
vim-common	2:9.1.0016-1ubuntu7.20
vim-runtime	2:9.1.0016-1ubuntu7.20
vim-tiny	2:9.1.0016-1ubuntu7.20
wget	1.21.4-1ubuntu4.5
whiptail	0.52.24-2ubuntu2
x11-common	1:7.7+23ubuntu3
xauth	1:1.1.2-1build1
xdg-user-dirs	0.18-1build1
xfsprogs	6.6.0-1ubuntu2.1
xkb-data	2.41-2ubuntu1.1
xml-core	0.19
xxd	2:9.1.0016-1ubuntu7.20
xz-utils	5.6.1+really5.4.5-1ubuntu0.3
zlib1g:amd64	1:1.3.dfsg-3.1ubuntu2.1
zstd	1.5.5+dfsg2-2build1.1
